<entities xmlns:xsi="http://www.w3.org/2001/XMLSchema-instance" xmlns:xsd="http://www.w3.org/2001/XMLSchema" timestamp="4/29/2019 8:09:57 PM">
  <entity name="ap_configuration" displayname="Configuration">
    <records>
      <record id="a3be6312-4665-e911-a975-000d3a300346">
        <field name="ap_configurationid" value="a3be6312-4665-e911-a975-000d3a300346" />
        <field name="ap_configuration_type" value="683710010" />
        <field name="ap_configuration_value" value="ww1wwwwwwwwww{inputIdPlaceHolder}wwwwww1wwwwww1wwww4" />
        <field name="ap_configuration_identifier" value="config-1000" />
        <field name="createdby" value="3e383f2a-51ef-444a-b60a-b36e5a13d7cf" lookupentity="systemuser" lookupentityname="" />
        <field name="createdon" value="4/22/2019 9:32:05 PM" />
        <field name="modifiedby" value="3e383f2a-51ef-444a-b60a-b36e5a13d7cf" lookupentity="systemuser" lookupentityname="" />
        <field name="modifiedon" value="4/22/2019 9:32:05 PM" />
        <field name="ownerid" value="3e383f2a-51ef-444a-b60a-b36e5a13d7cf" lookupentity="systemuser" lookupentityname="" />
        <field name="owningbusinessunit" value="ae508e6b-4539-e911-a977-000d3a30046d" lookupentity="businessunit" />
        <field name="owninguser" value="3e383f2a-51ef-444a-b60a-b36e5a13d7cf" lookupentity="systemuser" />
        <field name="statecode" value="0" />
        <field name="statuscode" value="1" />
      </record>
      <record id="c728c128-4665-e911-a975-000d3a300346">
        <field name="ap_configurationid" value="c728c128-4665-e911-a975-000d3a300346" />
        <field name="ap_configuration_type" value="683710011" />
        <field name="ap_configuration_value" value="ww1wwww1ww{inputIdPlaceHolder}wwww1wwww1wwww4" />
        <field name="ap_configuration_identifier" value="config-1001" />
        <field name="createdby" value="3e383f2a-51ef-444a-b60a-b36e5a13d7cf" lookupentity="systemuser" lookupentityname="" />
        <field name="createdon" value="4/22/2019 9:32:47 PM" />
        <field name="modifiedby" value="3e383f2a-51ef-444a-b60a-b36e5a13d7cf" lookupentity="systemuser" lookupentityname="" />
        <field name="modifiedon" value="4/22/2019 9:32:47 PM" />
        <field name="ownerid" value="3e383f2a-51ef-444a-b60a-b36e5a13d7cf" lookupentity="systemuser" lookupentityname="" />
        <field name="owningbusinessunit" value="ae508e6b-4539-e911-a977-000d3a30046d" lookupentity="businessunit" />
        <field name="owninguser" value="3e383f2a-51ef-444a-b60a-b36e5a13d7cf" lookupentity="systemuser" />
        <field name="statecode" value="0" />
        <field name="statuscode" value="1" />
      </record>
      <record id="2c42ce70-bf59-e911-a97b-000d3a3006bd">
        <field name="ap_configurationid" value="2c42ce70-bf59-e911-a97b-000d3a3006bd" />
        <field name="ap_configuration_type" value="683710004" />
        <field name="ap_configuration_value" value="3" />
        <field name="ap_configuration_identifier" value="config-1002" />
        <field name="createdby" value="3e383f2a-51ef-444a-b60a-b36e5a13d7cf" lookupentity="systemuser" lookupentityname="" />
        <field name="createdon" value="4/8/2019 5:30:48 AM" />
        <field name="importsequencenumber" value="8" />
        <field name="modifiedby" value="3e383f2a-51ef-444a-b60a-b36e5a13d7cf" lookupentity="systemuser" lookupentityname="" />
        <field name="modifiedon" value="4/16/2019 1:51:42 AM" />
        <field name="ownerid" value="3e383f2a-51ef-444a-b60a-b36e5a13d7cf" lookupentity="systemuser" lookupentityname="" />
        <field name="owningbusinessunit" value="ae508e6b-4539-e911-a977-000d3a30046d" lookupentity="businessunit" />
        <field name="owninguser" value="3e383f2a-51ef-444a-b60a-b36e5a13d7cf" lookupentity="systemuser" />
        <field name="statecode" value="0" />
        <field name="statuscode" value="1" />
      </record>
      <record id="2e42ce70-bf59-e911-a97b-000d3a3006bd">
        <field name="ap_configurationid" value="2e42ce70-bf59-e911-a97b-000d3a3006bd" />
        <field name="ap_configuration_type" value="683710005" />
        <field name="ap_configuration_value" value="45" />
        <field name="ap_configuration_identifier" value="config-1003" />
        <field name="createdby" value="3e383f2a-51ef-444a-b60a-b36e5a13d7cf" lookupentity="systemuser" lookupentityname="" />
        <field name="createdon" value="4/8/2019 5:30:48 AM" />
        <field name="importsequencenumber" value="8" />
        <field name="modifiedby" value="3e383f2a-51ef-444a-b60a-b36e5a13d7cf" lookupentity="systemuser" lookupentityname="" />
        <field name="modifiedon" value="4/8/2019 5:30:48 AM" />
        <field name="ownerid" value="3e383f2a-51ef-444a-b60a-b36e5a13d7cf" lookupentity="systemuser" lookupentityname="" />
        <field name="owningbusinessunit" value="ae508e6b-4539-e911-a977-000d3a30046d" lookupentity="businessunit" />
        <field name="owninguser" value="3e383f2a-51ef-444a-b60a-b36e5a13d7cf" lookupentity="systemuser" />
        <field name="statecode" value="0" />
        <field name="statuscode" value="1" />
      </record>
      <record id="3042ce70-bf59-e911-a97b-000d3a3006bd">
        <field name="ap_configurationid" value="3042ce70-bf59-e911-a97b-000d3a3006bd" />
        <field name="ap_configuration_type" value="683710007" />
        <field name="ap_configuration_value" value="ww1wwwwwwwwww{inputIdPlaceHolder}wwwwww1wwwwww1wwww1" />
        <field name="ap_configuration_identifier" value="config-1004" />
        <field name="createdby" value="3e383f2a-51ef-444a-b60a-b36e5a13d7cf" lookupentity="systemuser" lookupentityname="" />
        <field name="createdon" value="4/8/2019 5:30:48 AM" />
        <field name="importsequencenumber" value="8" />
        <field name="modifiedby" value="3e383f2a-51ef-444a-b60a-b36e5a13d7cf" lookupentity="systemuser" lookupentityname="" />
        <field name="modifiedon" value="4/16/2019 1:51:13 AM" />
        <field name="ownerid" value="3e383f2a-51ef-444a-b60a-b36e5a13d7cf" lookupentity="systemuser" lookupentityname="" />
        <field name="owningbusinessunit" value="ae508e6b-4539-e911-a977-000d3a30046d" lookupentity="businessunit" />
        <field name="owninguser" value="3e383f2a-51ef-444a-b60a-b36e5a13d7cf" lookupentity="systemuser" />
        <field name="statecode" value="0" />
        <field name="statuscode" value="1" />
      </record>
      <record id="3242ce70-bf59-e911-a97b-000d3a3006bd">
        <field name="ap_configurationid" value="3242ce70-bf59-e911-a97b-000d3a3006bd" />
        <field name="ap_configuration_type" value="683710006" />
        <field name="ap_configuration_value" value="ww1wwwwwwwwww{inputIdPlaceHolder}wwwwww1wwwwww1wwww3" />
        <field name="ap_configuration_identifier" value="config-1005" />
        <field name="createdby" value="3e383f2a-51ef-444a-b60a-b36e5a13d7cf" lookupentity="systemuser" lookupentityname="" />
        <field name="createdon" value="4/8/2019 5:30:48 AM" />
        <field name="importsequencenumber" value="8" />
        <field name="modifiedby" value="3e383f2a-51ef-444a-b60a-b36e5a13d7cf" lookupentity="systemuser" lookupentityname="" />
        <field name="modifiedon" value="4/16/2019 1:51:23 AM" />
        <field name="ownerid" value="3e383f2a-51ef-444a-b60a-b36e5a13d7cf" lookupentity="systemuser" lookupentityname="" />
        <field name="owningbusinessunit" value="ae508e6b-4539-e911-a977-000d3a30046d" lookupentity="businessunit" />
        <field name="owninguser" value="3e383f2a-51ef-444a-b60a-b36e5a13d7cf" lookupentity="systemuser" />
        <field name="statecode" value="0" />
        <field name="statuscode" value="1" />
      </record>
      <record id="3442ce70-bf59-e911-a97b-000d3a3006bd">
        <field name="ap_configurationid" value="3442ce70-bf59-e911-a97b-000d3a3006bd" />
        <field name="ap_configuration_type" value="683710008" />
        <field name="ap_configuration_value" value="1wwww1ww{inputIdPlaceHolder}wwww1wwww1wwww1" />
        <field name="ap_configuration_identifier" value="config-1006" />
        <field name="createdby" value="3e383f2a-51ef-444a-b60a-b36e5a13d7cf" lookupentity="systemuser" lookupentityname="" />
        <field name="createdon" value="4/8/2019 5:30:48 AM" />
        <field name="importsequencenumber" value="8" />
        <field name="modifiedby" value="3e383f2a-51ef-444a-b60a-b36e5a13d7cf" lookupentity="systemuser" lookupentityname="" />
        <field name="modifiedon" value="4/16/2019 1:51:31 AM" />
        <field name="ownerid" value="3e383f2a-51ef-444a-b60a-b36e5a13d7cf" lookupentity="systemuser" lookupentityname="" />
        <field name="owningbusinessunit" value="ae508e6b-4539-e911-a977-000d3a30046d" lookupentity="businessunit" />
        <field name="owninguser" value="3e383f2a-51ef-444a-b60a-b36e5a13d7cf" lookupentity="systemuser" />
        <field name="statecode" value="0" />
        <field name="statuscode" value="1" />
      </record>
      <record id="3642ce70-bf59-e911-a97b-000d3a3006bd">
        <field name="ap_configurationid" value="3642ce70-bf59-e911-a97b-000d3a3006bd" />
        <field name="ap_configuration_type" value="683710009" />
        <field name="ap_configuration_value" value="1wwww1ww{inputIdPlaceHolder}wwww1wwww1wwww3" />
        <field name="ap_configuration_identifier" value="config-1007" />
        <field name="createdby" value="3e383f2a-51ef-444a-b60a-b36e5a13d7cf" lookupentity="systemuser" lookupentityname="" />
        <field name="createdon" value="4/8/2019 5:30:48 AM" />
        <field name="importsequencenumber" value="8" />
        <field name="modifiedby" value="3e383f2a-51ef-444a-b60a-b36e5a13d7cf" lookupentity="systemuser" lookupentityname="" />
        <field name="modifiedon" value="4/16/2019 1:51:36 AM" />
        <field name="ownerid" value="3e383f2a-51ef-444a-b60a-b36e5a13d7cf" lookupentity="systemuser" lookupentityname="" />
        <field name="owningbusinessunit" value="ae508e6b-4539-e911-a977-000d3a30046d" lookupentity="businessunit" />
        <field name="owninguser" value="3e383f2a-51ef-444a-b60a-b36e5a13d7cf" lookupentity="systemuser" />
        <field name="statecode" value="0" />
        <field name="statuscode" value="1" />
      </record>
      <record id="3842ce70-bf59-e911-a97b-000d3a3006bd">
        <field name="ap_configurationid" value="3842ce70-bf59-e911-a97b-000d3a3006bd" />
        <field name="ap_configuration_type" value="683710001" />
        <field name="ap_configuration_value" value="30" />
        <field name="ap_configuration_identifier" value="config-1008" />
        <field name="createdby" value="3e383f2a-51ef-444a-b60a-b36e5a13d7cf" lookupentity="systemuser" lookupentityname="" />
        <field name="createdon" value="4/8/2019 5:30:48 AM" />
        <field name="importsequencenumber" value="8" />
        <field name="modifiedby" value="3e383f2a-51ef-444a-b60a-b36e5a13d7cf" lookupentity="systemuser" lookupentityname="" />
        <field name="modifiedon" value="4/8/2019 5:30:48 AM" />
        <field name="ownerid" value="3e383f2a-51ef-444a-b60a-b36e5a13d7cf" lookupentity="systemuser" lookupentityname="" />
        <field name="owningbusinessunit" value="ae508e6b-4539-e911-a977-000d3a30046d" lookupentity="businessunit" />
        <field name="owninguser" value="3e383f2a-51ef-444a-b60a-b36e5a13d7cf" lookupentity="systemuser" />
        <field name="statecode" value="0" />
        <field name="statuscode" value="1" />
      </record>
      <record id="3a42ce70-bf59-e911-a97b-000d3a3006bd">
        <field name="ap_configurationid" value="3a42ce70-bf59-e911-a97b-000d3a3006bd" />
        <field name="ap_configuration_type" value="683710003" />
        <field name="ap_configuration_value" value="1" />
        <field name="ap_configuration_identifier" value="config-1009" />
        <field name="createdby" value="3e383f2a-51ef-444a-b60a-b36e5a13d7cf" lookupentity="systemuser" lookupentityname="" />
        <field name="createdon" value="4/8/2019 5:30:48 AM" />
        <field name="importsequencenumber" value="8" />
        <field name="modifiedby" value="3e383f2a-51ef-444a-b60a-b36e5a13d7cf" lookupentity="systemuser" lookupentityname="" />
        <field name="modifiedon" value="4/25/2019 6:11:15 AM" />
        <field name="ownerid" value="3e383f2a-51ef-444a-b60a-b36e5a13d7cf" lookupentity="systemuser" lookupentityname="" />
        <field name="owningbusinessunit" value="ae508e6b-4539-e911-a977-000d3a30046d" lookupentity="businessunit" />
        <field name="owninguser" value="3e383f2a-51ef-444a-b60a-b36e5a13d7cf" lookupentity="systemuser" />
        <field name="statecode" value="0" />
        <field name="statuscode" value="1" />
      </record>
    </records>
    <m2mrelationships />
  </entity>
</entities>